SET search_path TO shop;

INSERT INTO users (account_name, email, phone_number, bonus_credits) VALUES
('john_doe', 'john.doe@example.com', '+12345678901', 150),
('alice_smith', 'alice.smith@example.com', '+19876543210', 200),
('bob_jones', 'bob.jones@example.com', '+11223344556', 50),
('mary_davis', 'mary.davis@example.com', '+17788990011', 120),
('charlie_brown', 'charlie.brown@example.com', '+14443332211', 80),
('emma_wilson', 'emma.wilson@example.com', '+15554443322', 300),
('olivia_taylor', 'olivia.taylor@example.com', '+16667778899', 0),
('liam_moore', 'liam.moore@example.com', '+17778889900', 60),
('sofia_clark', 'sofia.clark@example.com', '+18889990011', 90),
('ethan_lee', 'ethan.lee@example.com', '+19991122334', 110);

INSERT INTO shopping_carts (user_name, active) VALUES
('john_doe', TRUE),
('alice_smith', TRUE),
('bob_jones', TRUE),
('mary_davis', TRUE),
('charlie_brown', TRUE),
('emma_wilson', TRUE),
('olivia_taylor', TRUE),
('liam_moore', TRUE),
('sofia_clark', TRUE),
('ethan_lee', TRUE),

-- Не активные корзины. Уже завершённые заказы
('john_doe', FALSE),
('alice_smith', FALSE),
('bob_jones', FALSE),
('mary_davis', FALSE),
('charlie_brown', FALSE);

INSERT INTO categories (name) VALUES
('Электроника'),
('Одежда'),
('Обувь'),
('Продукты питания'),
('Косметика'),
('Товары для дома'),
('Игрушки'),
('Спортивные товары'),
('Автотовары'),
('Книги'),
('Мебель'),
('Товары для детей'),
('Товары для животных'),
('Канцтовары'),
('Бытовая химия');

INSERT INTO goods (category_id, name, price, amount_in_stock) VALUES
(1, 'Телевизор Samsung 50"', 30000, 50),
(1, 'Смартфон iPhone 13', 75000, 30),
(1, 'Ноутбук HP Pavilion', 55000, 20),
(1, 'Наушники Sony WH-1000XM4', 15000, 100),
(1, 'Камера Canon EOS 90D', 85000, 10),
(2, 'Футболка Nike', 2000, 100),
(2, 'Джинсы Levi\s', 6000, 50),
(2, 'Куртка Columbia', 12000, 30),
(2, 'Рубашка Ralph Lauren', 4000, 80),
(2, 'Платье Zara', 3000, 120),
(3, 'Кроссовки Adidas Ultraboost', 8000, 60),
(3, 'Ботинки Timberland', 10000, 40),
(3, 'Сандалии Birkenstock', 4000, 150),
(3, 'Кеды Converse Chuck Taylor', 3500, 80),
(3, 'Туфли Giorgio Armani', 15000, 25),
(4, 'Хлеб ржаной', 50, 500),
(4, 'Молоко 1 литр', 80, 1000),
(4, 'Куриное филе', 250, 200),
(4, 'Яблоки', 120, 150),
(4, 'Картофель', 60, 300),
(5, 'Тушь Maybelline', 800, 200),
(5, 'Помада MAC', 1500, 150),
(5, 'Крем для лица Nivea', 600, 100),
(5, 'Парфюм Chanel No. 5', 10000, 20),
(5, 'Шампунь Head & Shoulders', 300, 300),
(6, 'Пылесос Samsung', 10000, 40),
(6, 'Микроволновая печь LG', 6000, 30),
(6, 'Чайник Philips', 2000, 100),
(6, 'Утюг Tefal', 3000, 70),
(6, 'Стиральная машина Bosch', 25000, 15),
(7, 'Плюшевый мишка', 1500, 100),
(7, 'Конструктор Lego', 3500, 50),
(7, 'Кубики', 500, 200),
(7, 'Кукла Barbie', 2500, 150),
(7, 'Трек для машинок Hot Wheels', 1500, 120),
(8, 'Гантели 5 кг', 1500, 80),
(8, 'Роликовые коньки', 3500, 60),
(8, 'Йога-коврик', 800, 120),
(8, 'Фитнес-браслет Xiaomi', 2500, 100),
(8, 'Теннисная ракетка Wilson', 4500, 40),
(9, 'Автомобильные чехлы', 2000, 60),
(9, 'Автокресло Cybex', 12000, 20),
(9, 'Компрессор для авто', 3000, 80),
(9, 'Шампунь для авто', 500, 200),
(9, 'Сигнализация для автомобиля', 15000, 10),
(10, 'Роман "1984" Джордж Оруэлл', 500, 300),
(10, 'Блокнот Moleskine', 1500, 120),
(10, 'Книга "Мастер и Маргарита"', 700, 150),
(10, 'Атлас мира', 1000, 200),
(10, 'Словарь иностранных слов', 800, 100);

INSERT INTO cart_goods (shopping_cart_id, good_id, price_with_discount, amount) VALUES
(1, 1, 29000, 2),
(1, 2, 72000, 1),
(1, 6, 15000, 1),
(2, 3, 8000, 1),   
(2, 9, 2500, 2),
(2, 14, 1500, 3),
(3, 4, 50, 10),
(3, 5, 80, 8),
(3, 10, 250, 4),
(4, 12, 4000, 1),
(4, 11, 6000, 1),
(4, 18, 300, 5),
(5, 13, 10000, 1),
(5, 8, 3500, 1),
(5, 7, 2500, 2),
(6, 16, 12000, 1),
(6, 21, 15000, 1),
(7, 19, 15000, 1),
(7, 20, 2000, 3),
(8, 17, 800, 3),
(8, 22, 1200, 2),
(8, 25, 500, 4),
(9, 23, 12000, 1),
(9, 24, 3000, 1),
(10, 26, 300, 5),
(10, 27, 3500, 2),
(10, 30, 700, 1),
(11, 1, 29000, 1), 
(11, 3, 8000, 2),  
(11, 6, 15000, 1),  
(12, 5, 80, 10),    
(12, 4, 50, 5),   
(12, 10, 250, 6),  
(12, 11, 6000, 1),  
(13, 13, 10000, 1), 
(13, 14, 1500, 2),  
(13, 8, 3500, 1),  
(14, 9, 2500, 2),   
(14, 12, 4000, 1),  
(14, 7, 2500, 1),   
(15, 16, 12000, 1), 
(15, 20, 2000, 2),  
(15, 21, 15000, 1);

INSERT INTO delivery_vehicle (vehicle, vacant, storage_adress) VALUES
-- Занятые транспорты
('Автомобиль', FALSE, 'ул. Транспортная, д. 1'),
('Велосипед', FALSE, 'ул. Пушкина, д. 5'),
('Самокат', FALSE, 'ул. Пушкина, д. 5'),
('Автомобиль', FALSE, 'ул. Транспортная, д. 1'),
('Велосипед', FALSE, 'ул. Пушкина, д. 5'),
('Самокат', FALSE, 'ул. Пушкина, д. 5'),
('Автомобиль', FALSE, 'ул. Транспортная, д. 1'),
('Велосипед', FALSE, 'ул. Пушкина, д. 5'),

-- Свободные транспорты
('Самокат', TRUE, 'ул. Пушкина, д. 5'),
('Автомобиль', TRUE, 'ул. Карла Маркса, д. 30'),
('Автомобиль', TRUE, 'ул. Карла Маркса, д. 30'),
('Велосипед', TRUE, 'ул. Пушкина, д. 5'),
('Самокат', TRUE, 'ул. Пушкина, д. 5'),
('Автомобиль', TRUE, 'ул. Карла Маркса, д. 30'),
('Велосипед', TRUE, 'ул. Пушкина, д. 5');

INSERT INTO delivery_agent (vehicle_id, name, surname, active) VALUES
-- Активные агенты (3 агента без транспорта)
(NULL, 'Иван', 'Петров', TRUE),
(NULL, 'Алексей', 'Смирнов', TRUE),
(NULL, 'Мария', 'Кузнецова', TRUE),

-- Активные агенты с транспортом
(1, 'Дмитрий', 'Попов', TRUE),
(2, 'Ольга', 'Иванова', TRUE),

-- Неактивные агенты (10 агентов)
(NULL, 'Сергей', 'Фёдоров', FALSE),
(3, 'Анна', 'Васильева', FALSE),
(4, 'Егор', 'Сидоров', FALSE),
(5, 'Елена', 'Морозова', FALSE),
(6, 'Максим', 'Тимофеев', FALSE),
(NULL, 'Артем', 'Новиков', FALSE),
(NULL, 'Екатерина', 'Петрова', FALSE),
(7, 'Николай', 'Григорьев', FALSE),
(8, 'Дарина', 'Михайлова', FALSE),
(NULL, 'Вячеслав', 'Борисов', FALSE);

INSERT INTO orders (shopping_cart_id, agent_id, delivery_address, total_price, spent_bonus_credits) VALUES
(1, 1, 'Москва, ул. Пушкина, д. 10', 72000, 5000),
(2, 2, 'Москва, ул. Лермонтова, д. 15', 22000, 3000),
(3, 3, 'Санкт-Петербург, пр. Невский, д. 5', 2500, 200),
(4, 1, 'Екатеринбург, ул. Мира, д. 23', 12600, 1500),
(5, 4, 'Новосибирск, ул. Ленина, д. 44', 34000, 10000),
(6, 5, 'Челябинск, ул. Карла Маркса, д. 13', 38000, 2000),
(7, 2, 'Самара, ул. Куйбышева, д. 30', 24000, 2500),
(8, 1, 'Краснодар, ул. Красная, д. 100', 7600, 1000),
(9, 3, 'Саратов, ул. Советская, д. 60', 27000, 3000),
(10, 4, 'Воронеж, ул. Московская, д. 90', 15600, 500),
(11, 5, 'Уфа, ул. Ленина, д. 22', 8500, 500),
(12, 1, 'Омск, ул. Чкалова, д. 25', 19800, 2500),
(13, 2, 'Тюмень, ул. Герцена, д. 10', 45000, 7000),
(14, 3, 'Казань, ул. Баумана, д. 12', 21000, 1000),
(15, 4, 'Калуга, ул. Толстого, д. 56', 37000, 4000);

INSERT INTO delivery_vehicle_log (vehicle_id, agent_id, time_start, time_stop) VALUES
-- АКТИВНЫЕ агенты
(1, 4, '2025-03-01 08:00:00', '2025-03-30 18:00:00'),
(1, 4, '2025-04-01 08:00:00', NULL),  -- текущий период использования
(2, 5, '2025-02-15 09:00:00', '2025-03-15 19:00:00'),
(2, 5, '2025-04-01 08:30:00', NULL),

-- НЕАКТИВНЫЕ агенты — каждый завершил использование транспорта

(3, 7, '2024-12-01 08:00:00', '2025-01-15 18:00:00'),
(4, 8, '2024-11-10 09:30:00', '2024-12-20 17:00:00'),
(5, 9, '2025-01-01 08:00:00', '2025-03-01 18:00:00'),
(6, 10, '2024-10-01 07:45:00', '2025-01-01 17:30:00'),
(7, 13, '2025-02-01 09:15:00', '2025-03-05 18:00:00'),
(8, 14, '2025-01-10 10:00:00', '2025-03-10 19:00:00');
